,Age,Gender,Annual Income,Years with Company,Number of Support Calls,Monthly Charges,Churn,Income_Level,Age Group,Loyalty_Level
count,800.0,800.0,800.0,800.0,800.0,800.0,800.0,800.0,800.0,800.0
mean,43.78625,0.51625,85300.18,10.0325,4.4325,112.355,0.50125,1.22625,0.9375,1.625
std,14.711001934262919,0.5000484957708135,38526.29773575616,5.512887960686654,2.840868162180994,50.89798356431856,0.5003112297943381,0.8144876765298684,0.6356877170372178,0.6744951294112503
min,18.0,0.0,20077.0,1.0,0.0,20.0,0.0,0.0,0.0,0.0
25%,31.0,0.0,51464.75,5.0,2.0,72.0,0.0,1.0,1.0,1.0
50%,44.0,1.0,84963.5,10.0,4.0,112.0,1.0,1.0,1.0,2.0
75%,56.0,1.0,119835.25,15.0,7.0,157.0,1.0,2.0,1.0,2.0
max,69.0,1.0,149972.0,19.0,9.0,199.0,1.0,2.0,2.0,2.0
